message_id,token,label
0,✅,
0,Leather,B-PRODUCT
0,comfort,I-PRODUCT
0,Made,o
0,in,o
0,Vietnam,o
0,Master,o
0,Quality,o
0,Only,o
0,in,o
0,our,o
0,Shop,o
0,Price,o
0,3,B-PRICE
0,birr,I-PRICE
0,Size,o
0,#,o
0,40,o
0,",",o
0,41,o
0,",",o
0,42,o
0,",",o
0,43,o
0,FREE,o
0,DELIVERY,o
0,(,o
0,ያሉበት,o
0,ቦታ,o
0,ያለተጨማሪ,o
0,ክፍያ,o
0,እናደርሳለን,o
0,),o
0,ለሱቅና,o
0,ብዛት,o
0,ተረካቢዎች,o
0,ባስተያየት,o
0,0977808897,o
0,አድራሻችን,o
0,-,o
0,ቄራ,B-LOCo
0,ሶፊያ,I-LOCo
0,ሞል,o
0,ሁለተኛ,o
0,ፎቅ,o
0,ሱ,o
0,.,o
0,ቁ,o
0,216,o
1,HOBBY,B-Product
1,LOBBY,I-PRODUCT
1,3,o
1,in,o
1,1,o
1,Chopper,o
1,and,o
1,Garlic,o
1,Peeler,o
1,#,o
1,ስጋ,o
1,እና,o
1,ሽንኩርት,o
1,በሰከንዶች,o
1,ድቅቅ,o
1,የሚያደርግ,o
1,#,o
1,የነጭ_ሽንኩርት,o
1,የራሱ,o
1,መላጫ,o
1,ያለው,o
1,✔,o
1,️,o
1,Two,o
1,3,o
1,-,       o
1,liter,o
1,jars,o
1,✔,o
1,️,o
1,One,o
1,is,o
1,metal,o
1,and,o
1,the,o
1,other,o
1,is,o
1,thick,o
1,glass,o
1,.,o
1,✔,o
1,️,o
1,With,o
1,4,o
1,blades,o
1,and,o
1,2,o
1,blades,o
1,grinder,o
1,Meat,o
1,",",o
1,gizzards,o
1,",",o
1,vegetables,o
1,",",o
1,onions,o
1,",",o
1,and,o
1,garlic,o
1,ground,o
1,into,o
1,it,o
1,.,o
1,Dried,o
1,peeled,o
1,garlic,o
1,cloves,o
1,with,o
1,a,o
1,peeler,o
1,An,o
1,additional,o
1,switch,o
1,with,o
1,4,o
1,blades,o
1,✔,o
1,️,o
1,3,o
1,-,o
1,press,o
1,grinder,o
1,ዋጋ,o
1,:,o
1,-,o
1,3900,B-PRICE
1,ብር,I-PRICE
1,ውስን,o
1,ፍሬ,o
1,ነው,o
1,ያለን,o
1,/,
1,Limited,o
1,Stock,o
1,አድራሻ,o
1,ቁ,o
1,.,
1,1,o
1,መገናኛ,B-LOC
1,ታሜ,o
1,ጋስ,o
1,ህንፃ,o
1,ጎን,o
1,ስሪ,B-LOC
1,ኤም,I-LOC
1,ሲቲ,o
1,ሞል,o
1,ሁለተኛ,o
1,ፎቅ,o
1,ቢሮ,o
1,ቁ,o
1,.,o
1,SL,o
1,-,o
1,05A,o
1,(,o
1,ከ,o
1,ሊፍቱ,o
1,ፊት,o
1,ለ,o
1,ፊት,o
1,),o
1,ቁ,o
1,.,o
1,2,o
1,ለቡ,B-LOC
1,መዳህኒዓለም,o
1,ቤተ,o
1,/,o
1,ክርስቲያን,o
1,100ሜ,o
1,ወደ,o
1,ሙዚቃ,o
1,ቤት,o
1,ከፍ,o
1,ብሎ,o
1,#,o
1,ዛም_ሞል,I-LOC
1,2ኛ,o
1,ፎቅ,0o
1,ቢሮ,o
1,.,o
1,ቁ,o
1,214,o
1,0909522840,o
1,0923350054,o
1,ለቡ,o
1,ቅርንጫፍ0973611819,o
1,በTelegram,o
1,ለማዘዝ,o
1,⤵,o
1,️,o
1,ይጠቀሙ,o
1,ለተጨማሪ,o
1,ማብራሪያ,o
1,የቴሌግራም,o
1,ገፃችን,o
1,⤵,o
1,️,o
2,Portable,B-PRODUCT
2,Sealing,I-PRODUCT
2,Machine,o
2,Button,o
2,Switch,o
2,➡,o
2,️,o
2,east,o
2,to,o
2,use,o
2,⚠,o
2,️,o
2,ይዞ,o
2,ለመንቀሳቀስ,o
2,ምቹ,o
2,ዋጋ,o
2,፦,o
2,*,o
2,*,o
2,600,B-PRICE
2,ብር,B-PRICE
2,*,o
2,*,o
2,ውስን,o
2,ፍሬ,o
2,ነው,o
2,የቀረው,o
2,❌,o
2,❌,o
2,Telegram,o
2,-,o
2,t,o
2,.,o
2,me,o
2,/,o
2,qnashcom,o
2,⚡,o
2,️,o
2,ጥራት,o
2,ዋስትና,o
2,ቅናሽ,o
2,አድራሻ,o
2,፦,o
2,ቁጥር,o
2,1,o
2,:,o
2,-,o
2,*,o
2,*,o
2,መገናኛ,B-LOC
2,ዘፍመሽ,I-LOC
2,ግራንድ,o
2,ሞል,o
2,3,o
2,ተኛ,o
2,ፎቅ,o
2,ቁጥር,o
2,329,o
2,*,o
2,*,o
2,ቁጥር,o
2,2,o
2,:,o
2,-,o
2,*,o
2,*,o
2,ጀሞ,B-LOC
2,1,o
2,ከለላ,I-LOC
2,ህንፃ,o
2,ግራውንድ,o
2,ለይ,o
2,G07,o
2,*,o
2,*,o
2,❌,o
2,❌,o
2,*,o
2,*,o
2,ማሳሰብያ,o
2,*,o
2,*,o
2,:,o
2,ሱቃችን,o
2,ሲመጡ,o
2,ትክክለኛ,o
2,የኛ,o
2,ሱቅ,o
2,መሆኑ,o
2,ያረጋግጡ,o
2,የራሳችን,o
2,ሎጎ,o
2,መኖሩን,o
2,እና,o
2,329,o
2,/,
2,G07,o
2,መሆኑ,o
2,ያረጋግጡ,o
2,!,o
2,ስልክ,o
2,:,o
2,0946966440,o
2,0992606060,o
2,0905464599,o
3,.,o
3,.,o
3,.,o
3,.,o
3,.,o
3,.,o
3,.,o
3,.,o
3,.,o
3,.,o
3,.,o
3,.,o
3,.,o
3,.,o
3,.,o
3,.,o
3,.,o
3,.,o
3,.,o
3,.,o
3,.,o
3,.,o
3,.,o
3,.,o
3,.,o
3,.,o
3,.,o
3,.,o
3,.,o
3,.,o
3,.,o
3,.,o
3,.,o
3,.,o
3,.,o
3,2,o
3,in1,o
3,Electric,o
3,Foot,o
3,grinder,o
3,&,o
3,hair,o
3,remover,o
3,የተረከዝ,B-PRODUCT
3,ሞረድ,I-PRODUCT
3,እና,o
3,የፀጉር,o
3,ማንሻ,o
3,በ,o
3,ቻርጅ,o
3,የሚሰራ,o
3,ዋጋ,o
3,፦,o
3,1000,B-PRICE
3,ብር,I-PRICE
3,♦,o
3,️,o
3,ውስን,o
3,ፍሬ,o
3,ነው,o
3,ያለው,o
3,አድራሻ,o
3,♦,o
3,#,o
3,መገናኛ_መሰረት_ደፋር_ሞል_ሁለተኛ_ፎቅ,B-LOC
3,ቢሮ,o
3,ቁ,o
3,.,o
3,S05,I-LOC
3,/,o
3,S06,o
3,0902660722,o
3,0928460606,o
3,በTelegram,o
3,ለማዘዝ,o
3,⤵,o
3,️,o
3,ይጠቀሙ,o
3,ለተጨማሪ,o
3,ማብራሪያ,o
3,የቴሌግራም,o
3,ገፃችን,o
3,⤵,o
3,️,o
3,.,o
3,.,o
3,.,o
3,.,o
3,.,o
3,.,o
3,.,o
3,.,o
3,.,o
3,.,o
3,.,o
3,.,o
3,.,o
3,.,o
3,.,o
3,.,o
3,.,o
3,.,o
3,.,o
3,.,o
3,.,o
3,.,o
3,.,o
3,.,o
3,.,o
3,.,o
3,.,o
3,.,o
3,.,o
3,.,o
3,.,o
3,.,o
3,.,o
3,.,o
3,.,o
4,100,o
4,Pieces,o
4,Disposable,o
4,Food,-PRODUCTo
4,Cover,-PRODUCTo
4,",",o
4,Plastic,o
4,Wrap,o
4,",",o
4,Stretch,o
4,Food,o
4,",",o
4,Food,o
4,Containers,o
4,",",o
4,Kitchen,o
4,Food,o
4,",",o
4,Sealing,o
4,Bag,o
4,",",o
4,Kitchen,o
4,Utensils,o
4,ዋጋ,o
4,፦,o
4,*,o
4,*,o
4,400,-PRICEo
4,ብር,-PRICEo
4,*,o
4,*,o
4,*,o
4,*,o
4,ለማዘዝ,o
4,=,o
4,*,o
4,*,o
4,ውስን,o
4,ፍሬ,o
4,ነው,o
4,የቀረው,o
4,❌,o
4,❌,o
4,Telegram,o
4,-,o
4,t,o
4,.,o
4,me,o
4,/,o
4,qnashcom,o
4,⚡,o
4,️,o
4,ጥራት,o
4,ዋስትና,o
4,ቅናሽ,o
4,አድራሻ,o
4,፦,o
4,ቁጥር,o
4,1,o
4,:,o
4,-,o
4,*,o
4,*,o
4,መገናኛ,-LOCo
4,ዘፍመሽ,-LOCo
4,ግራንድ,o
4,ሞል,o
4,3,o
4,ተኛ,o
4,ፎቅ,o
4,ቁጥር,o
4,329,o
4,*,o
4,*,o
4,ቁጥር,o
4,2,o
4,:,o
4,-,o
4,*,o
4,*,o
4,ጀሞ,-LOCo
4,1,o
4,ከለላ,-LOCo
4,ህንፃ,o
4,ግራውንድ,o
4,ለይ,o
4,G07,o
4,*,o
4,*,o
4,❌,o
4,❌,o
4,*,o
4,*,o
4,ማሳሰብያ,o
4,*,o
4,*,o
4,:,o
4,ሱቃችን,o
4,ሲመጡ,o
4,ትክክለኛ,o
4,የኛ,o
4,ሱቅ,o
4,መሆኑ,o
4,ያረጋግጡ,o
4,የራሳችን,o
4,ሎጎ,o
4,መኖሩን,o
4,እና,o
4,329,o
4,/,
4,G07,o
4,መሆኑ,o
4,ያረጋግጡ,o
4,!,o
4,ስልክ,o
4,:,o
4,0946966440,o
4,0992606060,o
4,0905464599,o
5,.,o
5,.,o
5,.,o
5,.,o
5,.,o
5,.,o
5,.,o
5,.,o
5,.,o
5,.,o
5,.,o
5,.,o
5,.,o
5,.,o
5,.,o
5,.,o
5,.,o
5,.,o
5,.,o
5,.,o
5,.,o
5,.,o
5,.,o
5,.,o
5,.,o
5,.,o
5,.,o
5,.,o
5,.,o
5,.,o
5,.,o
5,.,o
5,.,o
5,.,o
5,.,o
5,Shock,-PRODUCTo
5,and,
5,Noise,-PRODUCTo
5,Cancelling,-PRODUCTo
5,Washing,o
5,Machine,o
5,Support,o
5,Washer,o
5,and,o
5,Dryer,o
5,Pedestals,o
5,",",o
5,Anti,o
5,Slip,o
5,Anti,o
5,Vibration,o
5,Rubber,o
5,Washing,o
5,Machine,o
5,Feet,o
5,Pads,o
5,Washing,o
5,Machine,o
5,Stabilizer,o
5,for,o
5,Raise,o
5,Height,o
5,Reduce,o
5,Noise,o
5,4PCS,o
5,ዋጋ,o
5,፦,o
5,500,-PRICEo
5,ብር,-PRICEo
5,ውስን,o
5,ፍሬ,o
5,ነው,o
5,ያለን,o
5,አድራሻ,o
5,♦,o
5,️,o
5,#,o
5,መገናኛ_መሰረት_ደፋር_ሞል_ሁለተኛ_ፎቅ,-LOCo
5,ቢሮ,o
5,ቁ,o
5,.,o
5,S05,-LOCo
5,/,o
5,S06,o
5,0902660722,o
5,0928460606,o
5,በTelegram,o
5,ለማዘዝ,o
5,⤵,o
5,️-,o
5,ይጠቀሙ,o
5,ለተጨማሪ,o
5,ማብራሪያ,o
5,የቴሌግራም,o
5,ገፃችን,o
5,⤵,o
5,️,o
5,.,o
5,.,o
5,.,o
5,.,o
5,.,o
5,.,o
5,.,o
5,.,o
5,.,o
5,.,o
5,.,o
5,.,o
5,.,o
5,.,o
5,.,o
5,.,o
5,.,o
5,.,o
5,.,o
5,.,o
5,.,o
5,.,o
5,.,o
5,.,o
5,.,o
5,.,o
5,.,o
5,.,o
5,.,o
5,.,o
5,.,o
5,.,o
5,.,o
5,.,o
5,.,o
6,✅,o
6,NEW,-PRODUCTo
6,BALANCE,-PRODUCTo
6,Made,o
6,in,o
6,Vietnam,o
6,Master,o
6,Quality,o
6,Only,o
6,in,o
6,our,o
6,Shop,o
6,Price,o
6,3600,-PRICEo
6,birr,-PRICEo
6,Size,o
6,#,o
6,40,o
6,",",o
6,41,o
6,",",o
6,42,o
6,",",o
6,43,o
6,FREE,o
6,DELIVERY,o
6,(,o
6,ያሉበት,o
6,ቦታ,o
6,ያለተጨማሪ,o
6,ክፍያ,o
6,እናደርሳለ,o
6,),o
6,ለሱቅና,o
6,ብዛት,o
6,ተረካቢዎች,o
6,ባስተያየት,o
6,0977808897,o
6,አድራሻችን,o
6,-,o
6,ቄራ,-LOCo
6,ሶፊያ,-LOCo
6,ሞል,o
6,ሁለተኛ,o
6,ፎቅ,o
6,ሱ,o
6,.,o
6,ቁ,o
6,216,o
7,ለማዘዝ,o
7,ያናግሩን,o
7,፡,o
7,፡,o
7,ሁሉም,o
7,እቃዎቻችን,o
7,original,o
7,ናቸው,o
7,!,o
7,ሲመጣ,o
7,ካልወደዱት,o
7,ወይም,o
7,original,o
7,ካልሆነ,o
7,ሃላፊነቱን,o
7,እንወስዳለን,o
7,!,o
7,!,o
8,#,o
8,አልቆል_ለተባላችሁ_በድጋሚ_አስገብተናል,o
8,የመስታዎት,-PRODUCTo
8,ፓትራዎች,-PRODUCTo
8,(,o
8,glass,o
8,bakewares,o
8,),o
8,Rectagular,o
8,shape,o
8,ገበታ,o
8,ላይ,o
8,መቅረብ,o
8,የሚችሉ,o
8,ውብ,o
8,የመስታዎት,o
8,ፓትራዎች,o
8,ሶስት,o
8,የተለያየ,o
8,መጠን,o
8,ያላቸው,o
8,(,o
8,3,o
8,.,
8,1,o
8,ሊ,o
8,፣,o
8,2,o
8,.,o
8,5,o
8,ሊ,o
8,፣,o
8,1,o
8,.,o
8,8ሊ,o
8,),o
8,ፓትራዎችን,o
8,የያዘ,o
8,ለላዛኛ,o
8,፣,o
8,ፓስታ,o
8,ፍርኖ,o
8,፣,o
8,ኬክ,o
8,ተመራጭ,o
8,ውብና,o
8,ማራኪ,o
8,ገበታ,o
8,ላይ,o
8,መቅረብ,o
8,የሚችሉ,o
8,ውፍራም,o
8,ማንኛውንም,o
8,ሙቀት,o
8,የሚቋቋም,o
8,ዋጋ,o
8,፦,o
8,ሶስቱን,o
8,በ,o
8,3800,-PRICEo
8,ብር,-PRICEo
8,ውስን,o
8,ፍሬ,o
8,ነው,o
8,ያለን,o
8,/,o
8,Limited,o
8,Stock,o
8,አድራሻ,o
8,ቁ,o
8,.,o
8,1,o
8,መገናኛ,-LOCo
8,ታሜ,o
8,ጋስ,o
8,ህንፃ,o
8,ጎን,o
8,ስሪ,-LOCo
8,ኤም,o
8,ሲቲ,o
8,ሞል,o
8,ሁለተኛ,o
8,ፎቅ,o
8,ቢሮ,o
8,ቁ,o
8,.,o
8,SL,o
8,-,o
8,05A,o
8,(,o
8,ከ,o
8,ሊፍቱ,o
8,ፊት,o
8,ለ,o
8,ፊት,o
8,),o
8,ቁ,o
8,.,o
8,2,o
8,ለቡ,-LOCo
8,መዳህኒዓለም,o
8,ቤተ,o
8,/,o
8,ክርስቲያን,o
8,100ሜ,o
8,ወደ,o
8,ሙዚቃ,o
8,ቤት,o
8,ከፍ,o
8,ብሎ,o
8,#,o
8,ዛም_ሞል,-LOCo
8,2ኛ,o
8,ፎቅ,o
8,ቢሮ,o
8,.,o
8,ቁ,o
8,214,o
8,0909522840,o
8,0923350054,o
8,ለቡ,o
8,ቅርንጫፍ0973611819,o
8,በTelegram,o
8,ለማዘዝ,o
8,⤵,o
8,️,o
8,ይጠቀሙ,o
8,ለተጨማሪ,o
8,ማብራሪያ,o
8,የቴሌግራም,o
8,ገፃችን,o
8,⤵,o
8,️,o
9,360,o
9,°,o
9,rotating,o
9,cake,o
9,turntable,o
9,Size,o
9,-,o
9,28cm,o
9,cake,o
9,-,o
9,decorating,o
9,turntable,o
9,makes,o
9,it,o
9,simple,o
9,to,o
9,decorate,o
9,profrssional,o
9,looking,o
9,desserts,o
9,at,o
9,home,o
9,great,o
9,for,o
9,left,o
9,and,o
9,right,o
9,handed,o
9,decorates,o
9,makes,o
9,the,o
9,decorating,o
9,process,o
9,easy,o
9,non,o
9,slip,o
9,surface,o
9,on,o
9,top,o
9,of,o
9,the,o
9,patform,o
9,keeps,o
9,cake,o
9,or,o
9,cake,o
9,board,o
9,in,o
9,place,o
9,while,o
9,you,o
9,decorate,o
9,ዋጋ,o
9,:,o
9,-,o
9,1300ብር,o
9,ውስን,o
9,ፍሬ,o
9,ነው,o
9,ያለን,o
9,/,o
9,Limited,o
9,Stock,o
9,አድራሻ,o
9,ቁ,o
9,.,o
9,1,o
9,መገናኛ,o
9,ታሜ,o
9,ጋስ,o
9,ህንፃ,o
9,ጎን,o
9,ስሪ,o
9,ኤም,o
9,ሲቲ,o
9,ሞል,o
9,ሁለተኛ,o
9,ፎቅ,o
9,ቢሮ,o
9,ቁ,o
9,.,o
9,SL,o
9,-,o
9,05A,o
9,(,o
9,ከ,o
9,ሊፍቱ,o
9,ፊት,o
9,ለ,o
9,ፊት,o
9,),o
9,ቁ,o
9,.,o
9,2,o
9,ለቡ,o
9,መዳህኒዓለም,o
9,ቤተ,o
9,/,o
9,ክርስቲያን,o
9,100ሜ,o
9,ወደ,o
9,ሙዚቃ,o
9,ቤት,o
9,ከፍ,o
9,ብሎ,o
9,#,o
9,ዛም_ሞል,o
9,2ኛ,o
9,ፎቅ,o
9,ቢሮ,o
9,.,o
9,ቁ,o
9,214,o
9,0909522840,o
9,0923350054,o
9,ለቡ,o
9,ቅርንጫፍ0973611819,o
9,በTelegram,o
9,ለማዘዝ,o
9,⤵,o
9,️,o
9,ይጠቀሙ,o
9,ለተጨማሪ,o
9,ማብራሪያ,o
9,የቴሌግራም,o
9,ገፃችን,o
9,⤵,o
9,️,o
10,.,o
10,.,o
10,.,o
10,.,o
10,.,o
10,.,o
10,.,o
10,.,o
10,.,o
10,.,o
10,.,o
10,.,o
10,.,o
10,.,o
10,.,o
10,.,o
10,.,o
10,.,o
10,.,o
10,.,o
10,.,o
10,.,o
10,.,o
10,.,o
10,.,o
10,.,o
10,.,o
10,.,o
10,.,o
10,.,o
10,.,o
10,.,o
10,.,o
10,.,o
10,.,o
10,Baby,o
10,knee,o
10,socks,o
10,ልጅዎ,-PRODUCTo
10,መዳህ,-PRODUCTo
10,በሚጀምሩበት,o
10,ጊዜ,o
10,ተመራጭ,o
10,ዋጋ,o
10,፦,o
10,250,-PRICEo
10,ብር,-PRICEo
10,ውስን,o
10,ፍሬ,o
10,ነው,o
10,ያለን,o
10,አድራሻ,o
10,♦,o
10,️,o
10,#,o
10,መገናኛ_መሰረት_ደፋር_ሞል_ሁለተኛ_ፎቅ,-LOCo
10,ቢሮ,-LOCo
10,ቁ,o
10,.,o
10,S05,o
10,/,o
10,S06,o
10,0902660722,o
10,0928460606,o
10,በTelegram,o
10,ለማዘዝ,o
10,⤵,o
10,️,o
10,ይጠቀሙ,o
10,ለተጨማሪ,o
10,ማብራሪያ,o
10,የቴሌግራም,o
10,ገፃችን,o
10,⤵,o
10,️,o
10,.,o
10,.,o
10,.,o
10,.,o
10,.,o
10,.,o
10,.,o
10,.,o
10,.,o
10,.,o
10,.,o
10,.,o
10,.,o
10,.,o
10,.,o
10,.,o
10,.,o
10,.,o
10,.,o
10,.,o
10,.,o
10,.,o
10,.,o
10,.,o
10,.,o
10,.,o
10,.,o
10,.,o
10,.,o
10,.,o
10,.,o
10,.,o
10,.,o
10,.,o
10,.,o
11,✅,o
11,BRAND,o
11,NEW,o
11,Made,o
11,in,o
11,Vietnam,o
11,Master,o
11,Quality,o
11,Only,o
11,in,o
11,our,o
11,Shop,o
11,Price,o
11,4,o
11,",",o
11,200,-PRICEo
11,birr,-PRICEo
11,Size,o
11,#,o
11,40,o
11,",",o
11,41,o
11,",",o
11,42,o
11,",",o
11,43,o
11,FREE,o
11,DELIVERY,o
11,(,o
11,ያሉበት,o
11,ቦታ,o
11,ያለተጨማሪ,o
11,ክፍያ,o
11,እናደርሳለን,o
11,),o
11,ለሱቅና,o
11,ብዛት,o
11,ተረካቢዎች,o
11,ባስተያየት,o
11,0977808897,o
11,አድራሻችን,o
11,-,o
11,ቄራ,-LOCo
11,ሶፊያ,-LOCo
11,ሞል,o
11,ሁለተኛ,o
11,ፎቅ,o
11,ሱ,o
11,.,o
11,ቁ,o
11,216,o
12,✅,o
12,BRAND,o
12,NEW,o
12,Made,o
12,in,o
12,Vietnam,o
12,Master,o
12,Quality,
12,Only,
12,in,
12,our,
12,Shop,
12,Price,
12,3,
12,",",
12,600birr,
12,Size,
12,#,
12,40,
12,",",
12,41,
12,",",
12,42,
12,",",
12,43,
12,FREE,
12,DELIVERY,
12,(,
12,ያሉበት,
12,ቦታ,
12,ያለተጨማሪ,
12,ክፍያ,
12,እናደርሳለን,
12,),
12,ለሱቅና,
12,ብዛት,
12,ተረካቢዎች,
12,ባስተያየት,
12,0977808897,
12,አድራሻችን,
12,-,
12,ቄራ,
12,ሶፊያ,
12,ሞል,
12,ሁለተኛ,
12,ፎቅ,
12,ሱ,
12,.,
12,ቁ,
12,216,
13,New,
13,Custom,
13,Made,
13,in,
13,Vietnam,
13,Master,
13,Quality,
13,Only,
13,in,
13,our,
13,Shop,
13,Price,
13,3,
13,",",
13,500birr,
13,Size,
13,#,
13,40,
13,",",
13,41,
13,",",
13,42,
13,",",
13,43,
13,FREE,
13,DELIVERY,
13,(,
13,ያሉበት,
13,ቦታ,
13,ያለተጨማሪ,
13,ክፍያ,
13,እናደርሳለን,
13,),
13,ለሱቅና,
13,ብዛት,
13,ተረካቢዎች,
13,ባስተያየት,
13,0977808897,
13,አድራሻችን,
13,-,
13,ቄራ,
13,ሶፊያ,
13,ሞል,
13,ሁለተኛ,
13,ፎቅ,
13,ሱ,
13,.,
13,ቁ,
13,216,
14,ለማዘዝ,
14,ያናግሩን,
14,፡,
14,፡,
14,ሁሉም,
14,እቃዎቻችን,
14,original,
14,ናቸው,
14,!,
14,ሲመጣ,
14,ካልወደዱት,
14,ወይም,
14,original,
14,ካልሆነ,
14,ሃላፊነቱን,
14,እንወስዳለን,
14,!,
14,!,
15,Long,
15,Sewer,
15,Cleaning,
15,Wire,
15,Spring,
15,ረጅሙ,
15,1ሜትር,
15,ከ,
15,60,
15,ሳንቲም,
15,✔,
15,️,
15,ቆሻሻ,
15,የደፈነብንን,
15,ቀዳዳዎች,
15,በቀላሉ,
15,ለመክፈት,
15,የማይመች,
15,ቦታ,
15,ላይ,
15,ዕቃ,
15,ለመሳብ,
15,ለመፈለግ,
15,የሚጠቅም,
15,Bringing,
15,more,
15,convenience,
15,to,
15,the,
15,people,
15,in,
15,their,
15,daily,
15,life,
15,.,
15,⚡,
15,️,
15,Quality,
15,iron,
15,wire,
15,and,
15,pp,
15,material,
15,⚡,
15,️,
15,Flexible,
15,spring,
15,cable,
15,and,
15,retractable,
15,claws,
15,⚡,
15,️,
15,Long,
15,enough,
15,to,
15,get,
15,deep,
15,into,
15,drains,
15,⚡,
15,️,
15,Remove,
15,any,
15,clogs,
15,and,
15,debris,
15,⚡,
15,️,
15,For,
15,kitchen,
15,",",
15,bathroom,
15,",",
15,sinks,
15,",",
15,drain,
15,",",
15,tubs,
15,",",
15,etc,
15,.,
15,Length,
15,:,
15,-,
15,*,
15,*,
15,1ሜትር,
15,ከ,
15,60,
15,ሳንቲም,
15,*,
15,*,
15,*,
15,*,
15,650,
15,ብር,
15,*,
15,*,
15,*,
15,*,
15,ውስን,
15,ፍሬ,
15,ነው,
15,የቀረው,
15,*,
15,*,
15,❌,
15,❌,
15,❌,
15,Telegram,
15,-,
15,t,
15,.,
15,me,
15,/,
15,qnashcom,
15,ጥራት,
15,✔,
15,️,
15,ዋስትና,
15,ቅናሽ,
15,አድራሻ,
15,፦,
15,ቁጥር,
15,1,
15,:,
15,-,
15,*,
15,*,
15,መገናኛ,
15,ዘፍመሽ,
15,ግራንድ,
15,ሞል,
15,3,
15,ተኛ,
15,ፎቅ,
15,ቁጥር,
15,329,
15,*,
15,*,
15,ቁጥር,
15,2,
15,:,
15,-,
15,*,
15,*,
15,ጀሞ,
15,1,
15,ከለላ,
15,ህንፃ,
15,ግራውንድ,
15,ለይ,
15,G07,
15,*,
15,*,
15,❌,
15,❌,
15,*,
15,*,
15,ማሳሰብያ,
15,*,
15,*,
15,:,
15,ሱቃችን,
15,ሲመጡ,
15,ትክክለኛ,
15,የኛ,
15,ሱቅ,
15,መሆኑ,
15,ያረጋግጡ,
15,የራሳችን,
15,ሎጎ,
15,መኖሩን,
15,እና,
15,329,
15,/,
15,G07,
15,መሆኑ,
15,ያረጋግጡ,
15,!,
15,ስልክ,
15,:,
15,0946966440,
15,0992606060,
15,0905464599,
16,.,
16,.,
16,.,
16,.,
16,.,
16,.,
16,.,
16,.,
16,.,
16,.,
16,.,
16,.,
16,.,
16,.,
16,.,
16,.,
16,.,
16,.,
16,.,
16,.,
16,.,
16,.,
16,.,
16,.,
16,.,
16,.,
16,.,
16,.,
16,.,
16,.,
16,.,
16,.,
16,.,
16,.,
16,.,
16,Door,
16,Bottom,
16,Seal,
16,Strip,
16,Stopper,
16,በበርዎ,
16,ስር,
16,አቧራ,
16,እና,
16,ነፍሳት,
16,እንዳይገባ,
16,የሚከላከል,
16,!,
16,!,
16,!,
16,High,
16,Quality,
16,®,
16,️,
16,አንደኛው,
16,ወፍራሙ,
16,Keep,
16,Hot,
16,and,
16,Cold,
16,Air,
16,isolated,
16,Reduce,
16,The,
16,Noise,
16,Outside,
16,and,
16,Door,
16,slamming,
16,No,
16,️,
16,ዋጋ,
16,፦,
16,400ብር,
16,♦,
16,️,
16,ውስን,
16,ፍሬ,
16,ነው,
16,ያለው,
16,አድራሻ,
16,♦,
16,️,
16,#,
16,መገናኛ_መሰረት_ደፋር_ሞል_ሁለተኛ_ፎቅ,
16,ቢሮ,
16,ቁ,
16,.,
16,S05,
16,/,
16,S06,
16,0902660722,
16,0928460606,
16,በTelegram,
16,ለማዘዝ,
16,⤵,
16,️,
16,ይጠቀሙ,
16,ለተጨማሪ,
16,ማብራሪያ,
16,የቴሌግራም,
16,ገፃችን,
16,⤵,
16,️,
16,.,
16,.,
16,.,
16,.,
16,.,
16,.,
16,.,
16,.,
16,.,
16,.,
16,.,
16,.,
16,.,
16,.,
16,.,
16,.,
16,.,
16,.,
16,.,
16,.,
16,.,
16,.,
16,.,
16,.,
16,.,
16,.,
16,.,
16,.,
16,.,
16,.,
16,.,
16,.,
16,.,
16,.,
16,.,
17,Multifunction,
17,Juice,
17,Extractor,
17,:,
17,ለአፕል,
17,ብርቱካን,
17,፣,
17,ካሮት,
17,፣,
17,አናናስ,
17,፣,
17,ቲማቲም,
17,…,
17,የመሳሰሉትን,
17,እየጨመቀ,
17,ቆሻሻውን,
17,፡,
17,ለብቻ,
17,፡,
17,እያጣራ,
17,፡,
17,ውሃውን,
17,እየጨመቀ,
17,፡,
17,ወደራሱ,
17,ጆክ,
17,የሚቀዳ,
17,፤,
17,የፍራፍሬ,
17,፤,
17,ዋጋ,
17,፦,
17,✅,
17,5,
17,",",
17,500,
17,ብር,
17,ውስን,
17,ፍሬ,
17,ነው,
17,የቀረው,
17,አድራሻ,
17,ቁ,
17,.,
17,1,
17,መገናኛ,
17,ታሜ,
17,ጋስ,
17,ህንፃ,
17,ጎን,
17,ስሪ,
17,ኤም,
17,ሲቲ,
17,ሞል,
17,ሁለተኛ,
17,ፎቅ,
17,ቢሮ,
17,ቁ,
17,.,
17,SL,
17,-,
17,05A,
17,(,
17,ከ,
17,ሊፍቱ,
17,ፊት,
17,ለ,
17,ፊት,
17,),
17,ቁ,
17,.,
17,2,
17,ለቡ,
17,መዳህኒዓለም,
17,ቤተ,
17,/,
17,ክርስቲያን,
17,100ሜ,
17,ወደ,
17,ሙዚቃ,
17,ቤት,
17,ከፍ,
17,ብሎ,
17,#,
17,ዛም_ሞል,
17,2ኛ,
17,ፎቅ,
17,ቢሮ,
17,.,
17,ቁ,
17,214,
17,0909522840,
17,0923350054,
17,ለቡ,
17,ቅርንጫፍ0973611819,
17,በTelegram,
17,ለማዘዝ,
17,⤵,
17,️,
17,ይጠቀሙ,
17,ለተጨማሪ,
17,ማብራሪያ,
17,የቴሌግራም,
17,ገፃችን,
17,⤵,
17,️,
18,Hair,
18,Steamer,
18,Cap,
18,High,
18,Quality,
18,➡,
18,️,
18,የፀጉር,
18,እስቲመር,
18,ትሪትመንት,
18,ወይም,
18,ቅቤ,
18,ተቀብተው,
18,በቤቶ,
18,ሆነው,
18,የሚጠቀሙበት,
18,ዋጋ,
18,፦,
18,*,
18,*,
18,1000ብር,
18,*,
18,*,
18,ውስን,
18,ፍሬ,
18,ነው,
18,የቀረው,
18,❌,
18,❌,
18,<,
18,Limited,
18,Stock,
18,❌,
18,Telegram,
18,-,
18,t,
18,.,
18,me,
18,/,
18,qnashcom,
18,✅,
18,ጥራት,
18,✅,
18,ዋስትና,
18,✅,
18,ቅናሽ,
18,አድራሻ,
18,፦,
18,ቁጥር,
18,1,
18,:,
18,-,
18,*,
18,*,
18,መገናኛ,
18,ዘፍመሽ,
18,ግራንድ,
18,ሞል,
18,3,
18,ተኛ,
18,ፎቅ,
18,ቁጥር,
18,329,
18,*,
18,*,
18,ቁጥር,
18,2,
18,:,
18,-,
18,*,
18,*,
18,ጀሞ,
18,1,
18,ከለላ,
18,ህንፃ,
18,ግራውንድ,
18,ለይ,
18,G07,
18,*,
18,*,
18,❌,
18,❌,
18,*,
18,*,
18,ማሳሰብያ,
18,*,
18,*,
18,:,
18,ሱቃችን,
18,ሲመጡ,
18,ትክክለኛ,
18,የኛ,
18,ሱቅ,
18,መሆኑ,
18,ያረጋግጡ,
18,የራሳችን,
18,ሎጎ,
18,መኖሩን,
18,እና,
18,329,
18,/,
18,G07,
18,መሆኑ,
18,ያረጋግጡ,
18,!,
18,ስልክ,
18,:,
18,0946966440,
18,0992606060,
18,0905464599,
19,☀,
19,Rechargeable,
19,Breast,
19,Pump,
19,✨,
19,BPA,
19,Free,
19,portable,
19,ዋጋ,
19,፦,
19,2,
19,",",
19,100,
19,ብር,
19,አድራሻ,
19,ቁ,
19,.,
19,1,
19,መገናኛ,
19,ታሜ,
19,ጋስ,
19,ህንፃ,
19,ጎን,
19,ስሪ,
19,ኤም,
19,ሲቲ,
19,ሞል,
19,ሁለተኛ,
19,ፎቅ,
19,ቢሮ,
19,ቁ,
19,.,
19,SL,
19,-,
19,05A,
19,(,
19,ከ,
19,ሊፍቱ,
19,ፊት,
19,ለ,
19,ፊት,
19,),
19,ቁ,
19,.,
19,2,
19,ለቡ,
19,መዳህኒዓለም,
19,ቤተ,
19,/,
19,ክርስቲያን,
19,ፊት,
19,ለፊት,
19,#,
19,ዛም_ሞል,
19,2ኛ,
19,ፎቅ,
19,ቢሮ,
19,ቁጥር,
19,.,
19,214,
19,0909522840,
19,0923350054,
19,ለቡ,
19,ቅርንጫፍ0973611819,
19,በTelegram,
19,ለማዘዝ,
19,⤵,
19,️,
19,ይጠቀሙ,
19,ለተጨማሪ,
19,ማብራሪያ,
19,የቴሌግራም,
19,ገፃችን,
19,⤵,
19,️,
20,✅,
20,CHEKICH,
20,Made,
20,in,
20,TURKEY,
20,Master,
20,Quality,
20,Only,
20,in,
20,our,
20,Shop,
20,Price,
20,5,
20,",",
20,500birr,
20,Size,
20,#,
20,40,
20,",",
20,41,
20,",",
20,42,
20,",",
20,43,
20,FREE,
20,DELIVERY,
20,(,
20,ያሉበት,
20,ቦታ,
20,ያለተጨማሪ,
20,ክፍያ,
20,እናደርሳለን,
20,),
20,ለሱቅና,
20,ብዛት,
20,ተረካቢዎች,
20,ባስተያየት,
20,0977808897,
20,አድራሻችን,
20,-,
20,ቄራ,
20,ሶፊያ,
20,ሞል,
20,ሁለተኛ,
20,ፎቅ,
20,ሱ,
20,.,
20,ቁ,
20,216,
21,Expanding,
21,Cookware,
21,Organiser,
21,minimum,
21,size,
21,30,
21,.,
21,5cm,
21,Maximum,
21,size,
21,56cm,
21,ዋጋ,
21,፦,
21,850,
21,ብር,
21,♦,
21,️,
21,ውስን,
21,ፍሬ,
21,ነው,
21,ያለው,
21,አድራሻ,
21,መገናኛ,
21,ስሪ,
21,ኤም,
21,ሲቲ,
21,ሞል,
21,ሁለተኛ,
21,ፎቅ,
21,ቢሮ,
21,ቁ,
21,.,
21,SL,
21,-,
21,05A,
21,(,
21,ከ,
21,ሊፍቱ,
21,ፊት,
21,ለ,
21,ፊት,
21,),
21,ቁ,
21,.,
21,2,
21,ለቡ,
21,መዳህኒዓለም,
21,ቤተ,
21,/,
21,ክርስቲያን,
21,100ሜ,
21,ወደ,
21,ሙዚቃ,
21,ቤት,
21,ከፍ,
21,ብሎ,
21,#,
21,ዛም_ሞል,
21,2ኛ,
21,ፎቅ,
21,ቢሮ,
21,.,
21,ቁ,
21,214,
21,0909522840,
21,0923350054,
21,ለቡ,
21,ቅርንጫፍ0973611819,
21,በTelegram,
21,ለማዘዝ,
21,⤵,
21,️,
21,ይጠቀሙ,
21,ለተጨማሪ,
21,ማብራሪያ,
21,የቴሌግራም,
21,ገፃችን,
21,⤵,
21,️,
22,Knee,
22,Pain,
22,Relief,
22,Patch,
22,Specifically,
22,designed,
22,for,
22,maximum,
22,absorption,
22,into,
22,the,
22,knee,
22,so,
22,you,
22,can,
22,feel,
22,relieved,
22,instantly,
22,.,
22,Provides,
22,direct,
22,relief,
22,to,
22,any,
22,affected,
22,area,
22,of,
22,the,
22,knee,
22,and,
22,without,
22,the,
22,side,
22,effects,
22,of,
22,regular,
22,medications,
22,Made,
22,from,
22,Chinese,
22,roots,
22,and,
22,herbs,
22,Has,
22,10,
22,medicated,
22,patches,
22,in,
22,one,
22,pack,
22,450,
22,ብር,
22,ውስን,
22,ፍሬ,
22,ነው,
22,የቀረው,
22,❌,
22,❌,
22,Telegram,
22,-,
22,t,
22,.,
22,me,
22,/,
22,qnashcom,
22,☄,
22,️,
22,ጥራት,
22,✔,
22,️,
22,ዋስትና,
22,ቅናሽ,
22,አድራሻ,
22,፦,
22,*,
22,*,
22,ቁጥር,
22,1,
22,:,
22,-,
22,መገናኛ,
22,ዘፍመሽ,
22,ግራንድ,
22,ሞል,
22,3,
22,ተኛ,
22,ፎቅ,
22,ቁጥር,
22,329,
22,*,
22,*,
22,*,
22,*,
22,ቁጥር,
22,2,
22,:,
22,-,
22,ጀሞ,
22,1,
22,ከለላ,
22,ህንፃ,
22,ግራውንድ,
22,ለይ,
22,G07,
22,*,
22,*,
22,❌,
22,❌,
22,*,
22,*,
22,ማሳሰብያ,
22,*,
22,*,
22,:,
22,ሱቃችን,
22,ሲመጡ,
22,ትክክለኛ,
22,የኛ,
22,ሱቅ,
22,መሆኑ,
22,ያረጋግጡ,
22,የራሳችን,
22,ሎጎ,
22,መኖሩን,
22,እና,
22,329,
22,/,
22,G07,
22,መሆኑ,
22,ያረጋግጡ,
22,!,
22,ስልክ,
22,:,
22,0946966440,
22,0992606060,
22,0905464599,
23,ለማዘዝ,
23,ያናግሩን,
23,፡,
23,፡,
23,ሁሉም,
23,እቃዎቻችን,
23,original,
23,ናቸው,
23,!,
23,ሲመጣ,
23,ካልወደዱት,
23,ወይም,
23,original,
23,ካልሆነ,
23,ሃላፊነቱን,
23,እንወስዳለን,
23,!,
23,!,
24,Momcoc,
24,Smiley,
24,Face,
24,Non,
24,Stick,
24,Pancake,
24,Pan,
24,⚡,
24,️,
24,Granite,
24,coated,
24,pan,
24,⚡,
24,️,
24,100,
24,%,
24,የማይዝ,
24,⚡,
24,️,
24,በአንድ,
24,ግዜ,
24,7,
24,ኬክ,
24,ይጋግራል,
24,ዋጋ,
24,፦,
24,1700,
24,ብር,
24,ውስን,
24,ፍሬ,
24,ነው,
24,ያለን,
24,/,
24,Limited,
24,Stock,
24,አድራሻ,
24,ቁ,
24,.,
24,1,
24,መገናኛ,
24,ታሜ,
24,ጋስ,
24,ህንፃ,
24,ጎን,
24,ስሪ,
24,ኤም,
24,ሲቲ,
24,ሞል,
24,ሁለተኛ,
24,ፎቅ,
24,ቢሮ,
24,ቁ,
24,.,
24,SL,
24,-,
24,05A,
24,(,
24,ከ,
24,ሊፍቱ,
24,ፊት,
24,ለ,
24,ፊት,
24,),
24,ቁ,
24,.,
24,2,
24,ለቡ,
24,መዳህኒዓለም,
24,ቤተ,
24,/,
24,ክርስቲያን,
24,ፊት,
24,ለፊት,
24,#,
24,ዛም_ሞል,
24,2ኛ,
24,ፎቅ,
24,ቢሮ,
24,ቁጥር,
24,.,
24,214,
24,0909522840,
24,0923350054,
24,ለቡ,
24,ቅርንጫፍ0973611819,
24,በTelegram,
24,ለማዘዝ,
24,⤵,
24,️,
24,ይጠቀሙ,
24,ለተጨማሪ,
24,ማብራሪያ,
24,የቴሌግራም,
24,ገፃችን,
24,⤵,
24,️,
25,ለማዘዝ,
25,ያናግሩን,
25,፡,
25,፡,
25,ሁሉም,
25,እቃዎቻችን,
25,original,
25,ናቸው,
25,!,
25,ሲመጣ,
25,ካልወደዱት,
25,ወይም,
25,original,
25,ካልሆነ,
25,ሃላፊነቱን,
25,እንወስዳለን,
25,!,
25,!,
26,✅,
26,Leather,
26,comfort,
26,Made,
26,in,
26,Vietnam,
26,Master,
26,Quality,
26,Only,
26,in,
26,our,
26,Shop,
26,Price,
26,3,
26,",",
26,800birr,
26,Size,
26,#,
26,40,
26,",",
26,41,
26,",",
26,42,
26,",",
26,43,
26,FREE,
26,DELIVERY,
26,(,
26,ያሉበት,
26,ቦታ,
26,ያለተጨማሪ,
26,ክፍያ,
26,እናደርሳለን,
26,),
26,ለሱቅና,
26,ብዛት,
26,ተረካቢዎች,
26,ባስተያየት,
26,0977808897,
26,አድራሻችን,
26,-,
26,ቄራ,
26,ሶፊያ,
26,ሞል,
26,ሁለተኛ,
26,ፎቅ,
26,ሱ,
26,.,
26,ቁ,
26,216,
27,Garlic,
27,press,
27,Chopper,
27,Kitchen,
27,ginger,
27,garlic,
27,press,
27,.,
27,Quick,
27,grinding,
27,.,
27,Saving,
27,you,
27,time,
27,.,
27,Manual,
27,extrusion,
27,and,
27,grinding,
27,.,
27,Stainless,
27,steel,
27,material,
27,.,
27,Food,
27,grade,
27,safety,
27,material,
27,.,
27,Durable,
27,and,
27,easy,
27,to,
27,clean,
27,.,
27,Curved,
27,plastic,
27,handle,
27,.,
27,Comfortable,
27,to,
27,use,
27,.,
27,ዋጋ,
27,፦,
27,350,
27,ብር,
27,♦,
27,️,
27,ውስን,
27,ፍሬ,
27,ነው,
27,ያለው,
27,አድራሻ,
27,♦,
27,️,
27,#,
27,መገናኛ_መሰረት_ደፋር_ሞል_ሁለተኛ_ፎቅ,
27,ቢሮ,
27,ቁ,
27,.,
27,S05,
27,/,
27,S06,
27,0902660722,
27,0928460606,
27,በTelegram,
27,ለማዘዝ,
27,⤵,
27,️,
27,ይጠቀሙ,
27,ለተጨማሪ,
27,ማብራሪያ,
27,የቴሌግራም,
27,ገፃችን,
27,⤵,
27,️,
27,.,
27,.,
27,.,
27,.,
27,.,
27,.,
27,.,
27,.,
27,.,
27,.,
27,.,
27,.,
27,.,
27,.,
27,.,
27,.,
27,.,
27,.,
27,.,
27,.,
27,.,
27,.,
27,.,
27,.,
27,.,
27,.,
27,.,
27,.,
27,.,
27,.,
27,.,
27,.,
27,.,
27,.,
27,.,
28,⚡,
28,️,
28,portable,
28,foldable,
28,mosquito,
28,net,
28,for,
28,kids,
28,በቀላሉ,
28,ይዞ,
28,ለመንቀሳቀስ,
28,አመቺ,
28,ልጆችዎን,
28,ከቢንቢ,
28,እና,
28,ከተለያዩ,
28,ነፍሳት,
28,የሚጠብቅ,
28,size,
28,:,
28,-,
28,100cm,
28,*,
28,60cm,
28,ዋጋ,
28,:,
28,-,
28,1400ብር,
28,አድራሻ,
28,ቁ,
28,.,
28,1,
28,መገናኛ,
28,ስሪ,
28,ኤም,
28,ሲቲ,
28,ሞል,
28,ሁለተኛ,
28,ፎቅ,
28,ቢሮ,
28,ቁ,
28,.,
28,SL,
28,-,
28,05A,
28,(,
28,ከ,
28,ሊፍቱ,
28,ፊት,
28,ለ,
28,ፊት,
28,),
28,ቁ,
28,.,
28,2,
28,ለቡ,
28,መዳህኒዓለም,
28,ቤተ,
28,/,
28,ክርስቲያን,
28,ፊት,
28,ለፊት,
28,#,
28,ዛም_ሞል,
28,2ኛ,
28,ፎቅ,
28,ቢሮ,
28,ቁጥር,
28,.,
28,214,
28,ለቡ,
28,ቅርንጫፍ0971611819,
28,0909522840,
28,0923350054,
28,በTelegram,
28,ለማዘዝ,
28,⤵,
28,️,
28,ይጠቀሙ,
28,ለተጨማሪ,
28,ማብራሪያ,
28,የቴሌግራም,
28,ገፃችን,
28,⤵,
28,️,
29,ለማዘዝ,
29,ያናግሩን,
29,፡,
29,፡,
29,ሁሉም,
29,እቃዎቻችን,
29,original,
29,ናቸው,
29,!,
29,ሲመጣ,
29,ካልወደዱት,
29,ወይም,
29,original,
29,ካልሆነ,
29,ሃላፊነቱን,
29,እንወስዳለን,
29,!,
29,!,
30,.,
30,.,
30,.,
30,.,
30,.,
30,.,
30,.,
30,.,
30,.,
30,.,
30,.,
30,.,
30,.,
30,.,
30,.,
30,.,
30,.,
30,.,
30,.,
30,.,
30,.,
30,.,
30,.,
30,.,
30,.,
30,.,
30,.,
30,.,
30,.,
30,.,
30,.,
30,.,
30,.,
30,.,
30,.,
30,Shock,
30,and,
30,Noise,
30,Cancelling,
30,Washing,
30,Machine,
30,Support,
30,Washer,
30,and,
30,Dryer,
30,Pedestals,
30,",",
30,Anti,
30,Slip,
30,Anti,
30,Vibration,
30,Rubber,
30,Washing,
30,Machine,
30,Feet,
30,Pads,
30,Washing,
30,Machine,
30,Stabilizer,
30,for,
30,Raise,
30,Height,
30,Reduce,
30,Noise,
30,4PCS,
30,ዋጋ,
30,፦,
30,500,
30,ብር,
30,ውስን,
30,ፍሬ,
30,ነው,
30,ያለን,
30,አድራሻ,
30,♦,
30,️,
30,#,
30,መገናኛ_መሰረት_ደፋር_ሞል_ሁለተኛ_ፎቅ,
30,ቢሮ,
30,ቁ,
30,.,
30,S05,
30,/,
30,S06,
30,0902660722,
30,0928460606,
30,በTelegram,
30,ለማዘዝ,
30,⤵,
30,️,
30,ይጠቀሙ,
30,ለተጨማሪ,
30,ማብራሪያ,
30,የቴሌግራም,
30,ገፃችን,
30,⤵,
30,️,
30,.,
30,.,
30,.,
30,.,
30,.,
30,.,
30,.,
30,.,
30,.,
30,.,
30,.,
30,.,
30,.,
30,.,
30,.,
30,.,
30,.,
30,.,
30,.,
30,.,
30,.,
30,.,
30,.,
30,.,
30,.,
30,.,
30,.,
30,.,
30,.,
30,.,
30,.,
30,.,
30,.,
30,.,
30,.,
31,❇,
31,️,
31,Electronic,
31,Kitchen,
31,Scale,
31,ዲጂታል,
31,ሚዛን,
31,⚡,
31,️,
31,ምግቦችን,
31,ማዘጋጀት,
31,ስንፈልግ,
31,በአንድ,
31,ጊዜ,
31,እስከ,
31,ከ,
31,0,
31,.,
31,1ግራም,
31,እስከ,
31,10ኪሎ,
31,ድረስ,
31,መመዘን,
31,የሚያስችል,
31,✔,
31,️,
31,ሲመዝኑ,
31,የግራሙንም,
31,መጠን,
31,የሚያሳይ,
31,✔,
31,️,
31,ለፈርማሲ,
31,መድሀኒቶችን,
31,ለመቀመም,
31,በግራም,
31,መመዘን,
31,ስለምንችል,
31,✔,
31,️,
31,ለቢሮ,
31,ለኪችን,
31,ለኢንዱስትሪ,
31,ለላብራቶሪ,
31,✔,
31,️,
31,የራሱ,
31,ባትሪ,
31,ያለዉ,
31,➡,
31,️,
31,Equipped,
31,with,
31,a,
31,high,
31,precision,
31,strain,
31,gauge,
31,sensor,
31,system,
31,➡,
31,️,
31,LCD,
31,Display,
31,➡,
31,️,
31,Model,
31,:,
31,SF,
31,-,
31,400,
31,1100,
31,*,
31,*,
31,ብር,
31,*,
31,*,
31,*,
31,*,
31,*,
31,*,
31,*,
31,*,
31,ለማዘዝ,
31,*,
31,*,
31,=,
31,*,
31,*,
31,ውስን,
31,ፍሬ,
31,ነው,
31,የቀረው,
31,*,
31,*,
31,❌,
31,❌,
31,❌,
31,Telegram,
31,-,
31,t,
31,.,
31,me,
31,/,
31,qnashcom,
31,ጥራት,
31,✔,
31,️,
31,ዋስትና,
31,ቅናሽ,
31,አድራሻ,
31,፦,
31,ቁጥር,
31,1,
31,:,
31,-,
31,*,
31,*,
31,መገናኛ,
31,ዘፍመሽ,
31,ግራንድ,
31,ሞል,
31,3,
31,ተኛ,
31,ፎቅ,
31,ቁጥር,
31,329,
31,*,
31,*,
31,ቁጥር,
31,2,
31,:,
31,-,
31,*,
31,*,
31,ጀሞ,
31,1,
31,ከለላ,
31,ህንፃ,
31,ግራውንድ,
31,ለይ,
31,G07,
31,*,
31,*,
31,❌,
31,❌,
31,*,
31,*,
31,ማሳሰብያ,
31,*,
31,*,
31,:,
31,ሱቃችን,
31,ሲመጡ,
31,ትክክለኛ,
31,የኛ,
31,ሱቅ,
31,መሆኑ,
31,ያረጋግጡ,
31,የራሳችን,
31,ሎጎ,
31,መኖሩን,
31,እና,
31,329,
31,/,
31,G07,
31,መሆኑ,
31,ያረጋግጡ,
31,!,
31,ስልክ,
31,:,
31,0946966440,
31,0992606060,
31,0905464599,
32,ለማዘዝ,
32,ያናግሩን,
32,፡,
32,፡,
32,ሁሉም,
32,እቃዎቻችን,
32,original,
32,ናቸው,
32,!,
32,ሲመጣ,
32,ካልወደዱት,
32,ወይም,
32,original,
32,ካልሆነ,
32,ሃላፊነቱን,
32,እንወስዳለን,
32,!,
32,!,
33,.,
33,.,
33,.,
33,.,
33,.,
33,.,
33,.,
33,.,
33,.,
33,.,
33,.,
33,.,
33,.,
33,.,
33,.,
33,.,
33,.,
33,.,
33,.,
33,.,
33,.,
33,.,
33,.,
33,.,
33,.,
33,.,
33,.,
33,.,
33,.,
33,.,
33,.,
33,.,
33,.,
33,.,
33,.,
33,*,
33,*,
33,Three,
33,-,
33,layer,
33,Baby,
33,Milk,
33,Powder,
33,Container,
33,*,
33,*,
33,__,
33,High,
33,Quality,
33,__,
33,__,
33,Three,
33,Layer,
33,No,
33,-,
33,Spill,
33,Baby,
33,Feeding,
33,Milk,
33,Powder,
33,Food,
33,Dispenser,
33,.,
33,A,
33,perfect,
33,storage,
33,for,
33,travel,
33,or,
33,home,
33,use,
33,.,
33,__,
33,__እናት,
33,ልጇን,
33,ይዛ,
33,የተለያየ,
33,ቦታ,
33,ስትንቀሳቀስ,
33,የዱቄት,
33,ወተት,
33,የመሳሰሉትን,
33,አስፈላጊ,
33,የልጆች,
33,ምግብ,
33,ይዞ,
33,ለመንቀሳቀስ,
33,የሚረዳ,
33,3,
33,ፓርቲሽን,
33,ያለው,
33,አሪፍ,
33,ኮንቴነር__,
33,ዋጋ,
33,፦,
33,550ብር,
33,♦,
33,️,
33,ውስን,
33,ፍሬ,
33,ነው,
33,ያለው,
33,አድራሻ,
33,♦,
33,️,
33,#,
33,መገናኛ_መሰረት_ደፋር_ሞል_ሁለተኛ_ፎቅ,
33,ቢሮ,
33,ቁ,
33,.,
33,S05,
33,/,
33,S06,
33,0902660722,
33,0928460606,
33,በTelegram,
33,ለማዘዝ,
33,⤵,
33,️,
33,ይጠቀሙ,
33,ለተጨማሪ,
33,ማብራሪያ,
33,የቴሌግራም,
33,ገፃችን,
33,⤵,
33,️,
33,.,
33,.,
33,.,
33,.,
33,.,
33,.,
33,.,
33,.,
33,.,
33,.,
33,.,
33,.,
33,.,
33,.,
33,.,
33,.,
33,.,
33,.,
33,.,
33,.,
33,.,
33,.,
33,.,
33,.,
33,.,
33,.,
33,.,
33,.,
33,.,
33,.,
33,.,
33,.,
33,.,
33,.,
33,.,
34,✅,
34,PURE,
34,LEATHER,
34,Made,
34,in,
34,Vietnam,
34,Master,
34,Quality,
34,Only,
34,in,
34,our,
34,Shop,
34,Price,
34,4,
34,",",
34,200birr,
34,Size,
34,#,
34,40,
34,",",
34,41,
34,",",
34,42,
34,",",
34,43,
34,FREE,
34,DELIVERY,
34,(,
34,ያሉበት,
34,ቦታ,
34,ያለተጨማሪ,
34,ክፍያ,
34,እናደርሳለን,
34,),
34,ለሱቅና,
34,ብዛት,
34,ተረካቢዎች,
34,ባስተያየት,
34,0977808897,
34,አድራሻችን,
34,-,
34,ቄራ,
34,ሶፊያ,
34,ሞል,
34,ሁለተኛ,
34,ፎቅ,
34,ሱ,
34,.,
34,ቁ,
34,216,
35,SAACHI,
35,*,
35,*,
35,®,
35,CERAMIC,
35,PIZZA,
35,PAN,
35,*,
35,*,
35,⚡,
35,️,
35,ለቤትና,
35,ለሬስቶራንት,
35,አገልግሎት,
35,የሚውል,
35,⚡,
35,️,
35,ለአጠቃቀም,
35,ሆነ,
35,ለአያያዝ,
35,ቀላልና,
35,ምቹ,
35,የሆነ,
35,⚡,
35,️,
35,እንዲሁም,
35,:,
35,-,
35,ለፒዛ,
35,፣,
35,ለቡና,
35,መቁያነት,
35,፣,
35,ለአንባሻ,
35,፣,
35,ለጨጨብሳ,
35,፣,
35,ለፈጢራ,
35,፣,
35,ለዳቦ,
35,፣,
35,ለጥብስና,
35,ለተለያዩ,
35,አገልግሎቶች,
35,የሚሆን,
35,⚡,
35,️,
35,ከ,
35,normal,
35,pizza,
35,pan,
35,በጥራት,
35,የተሻለ,
35,⚡,
35,️,
35,አነስተኛ,
35,የኤሌክትሪክ,
35,ፍጆታ,
35,የሚጠቀም,
35,ዋጋ,
35,፦,
35,6000ብር,
35,✅,
35,✖,
35,️,
35,ውስን,
35,ፍሬ,
35,ነው,
35,ያለው,
35,አድራሻ,
35,ቁ,
35,.,
35,1,
35,መገናኛ,
35,ስሪ,
35,ኤም,
35,ሲቲ,
35,ሞል,
35,ሁለተኛ,
35,ፎቅ,
35,ቢሮ,
35,ቁ,
35,.,
35,SL,
35,-,
35,05A,
35,(,
35,ከ,
35,ሊፍቱ,
35,ፊት,
35,ለ,
35,ፊት,
35,),
35,ቁ,
35,.,
35,2,
35,ለቡ,
35,መዳህኒዓለም,
35,ቤተ,
35,/,
35,ክርስቲያን,
35,ፊት,
35,ለፊት,
35,#,
35,ዛም_ሞል,
35,2ኛ,
35,ፎቅ,
35,ቢሮ,
35,ቁጥር,
35,.,
35,214,
35,ለቡ,
35,ቅርንጫፍ0973611819,
35,0909522840,
35,0923350054,
35,በTelegram,
35,ለማዘዝ,
35,⤵,
35,️,
35,ይጠቀሙ,
35,ለተጨማሪ,
35,ማብራሪያ,
35,የቴሌግራም,
35,ገፃችን,
35,⤵,
35,️,
36,IMPULSE,
36,SEALER,
36,✔,
36,️,
36,የላስቲክ,
36,ማሸጊያ,
36,✔,
36,️,
36,በኤሌክትሪክ,
36,የሚሰራ,
36,✔,
36,️,
36,ለባልትና,
36,✔,
36,️,
36,ምግብ,
36,አሽጎ,
36,ለማስቀመጥ,
36,*,
36,*,
36,➡,
36,️,
36,*,
36,*,
36,*,
36,*,
36,20cm,
36,ስፋት,
36,*,
36,*,
36,*,
36,*,
36,*,
36,*,
36,*,
36,*,
36,2350,
36,*,
36,*,
36,*,
36,*,
36,➡,
36,️,
36,*,
36,*,
36,*,
36,*,
36,30cm,
36,ስፋት,
36,*,
36,*,
36,*,
36,*,
36,*,
36,*,
36,*,
36,*,
36,2800,
36,*,
36,*,
36,*,
36,*,
36,➡,
36,️,
36,*,
36,*,
36,*,
36,*,
36,40cm,
36,ስፋት,
36,*,
36,*,
36,*,
36,*,
36,*,
36,*,
36,*,
36,*,
36,3400,
36,*,
36,*,
36,*,
36,*,
36,ለማዘዝ,
36,=,
36,*,
36,*,
36,ውስን,
36,ፍሬ,
36,ነው,
36,የቀረው,
36,❌,
36,❌,
36,<,
36,Limited,
36,Stock,
36,Telegram,
36,-,
36,t,
36,.,
36,me,
36,/,
36,qnashcom,
36,Telegram,
36,-,
36,t,
36,.,
36,me,
36,/,
36,qnashcom,
36,ጥራት,
36,✔,
36,️,
36,ዋስትና,
36,ቅናሽ,
36,አድራሻ,
36,፦,
36,ቁጥር,
36,1,
36,:,
36,-,
36,*,
36,*,
36,መገናኛ,
36,ዘፍመሽ,
36,ግራንድ,
36,ሞል,
36,3,
36,ተኛ,
36,ፎቅ,
36,ቁጥር,
36,329,
36,*,
36,*,
36,ቁጥር,
36,2,
36,:,
36,-,
36,*,
36,*,
36,ጀሞ,
36,1,
36,ከለላ,
36,ህንፃ,
36,ግራውንድ,
36,ለይ,
36,G07,
36,*,
36,*,
36,❌,
36,❌,
36,*,
36,*,
36,ማሳሰብያ,
36,*,
36,*,
36,:,
36,ሱቃችን,
36,ሲመጡ,
36,ትክክለኛ,
36,የኛ,
36,ሱቅ,
36,መሆኑ,
36,ያረጋግጡ,
36,የራሳችን,
36,ሎጎ,
36,መኖሩን,
36,እና,
36,329,
36,/,
36,G07,
36,መሆኑ,
36,ያረጋግጡ,
36,!,
36,ስልክ,
36,:,
36,0946966440,
36,*,
36,*,
36,*,
36,*,
36,0992606060,
36,*,
36,*,
36,*,
36,*,
36,0905464599,
37,Infantino,
37,Cuddle,
37,Up,
37,Ergonomic,
37,Baby,
37,Carrier,
37,Carries,
37,children,
37,from,
37,12,
37,-,
37,40lbs,
37,(,
37,5,
37,.,
37,4,
37,-,
37,18,
37,.,
37,1,
37,kgs,
37,),
37,Comfortable,
37,",",
37,ergonomic,
37,seat,
37,for,
37,baby,
37,2,
37,ways,
37,to,
37,carry,
37,:,
37,Front,
37,and,
37,Backpack,
37,Removable,
37,canopy,
37,hood,
37,with,
37,adorable,
37,teddy,
37,bear,
37,styling,
37,Machine,
37,washable,
37,ዋጋ,
37,፦,
37,3,
37,",",
37,200,
37,ብር,
37,አድራሻ,
37,ቁ,
37,.,
37,1,
37,መገናኛ,
37,ታሜ,
37,ጋስ,
37,ህንፃ,
37,ጎን,
37,ስሪ,
37,ኤም,
37,ሲቲ,
37,ሞል,
37,ሁለተኛ,
37,ፎቅ,
37,ቢሮ,
37,ቁ,
37,.,
37,SL,
37,-,
37,05A,
37,(,
37,ከ,
37,ሊፍቱ,
37,ፊት,
37,ለ,
37,ፊት,
37,),
37,ቁ,
37,.,
37,2,
37,ለቡ,
37,መዳህኒዓለም,
37,ቤተ,
37,/,
37,ክርስቲያን,
37,ፊት,
37,ለፊት,
37,#,
37,ዛም_ሞል,
37,2ኛ,
37,ፎቅ,
37,ቢሮ,
37,ቁጥር,
37,.,
37,214,
37,0909522840,
37,0923350054,
37,ለቡ,
37,ቅርንጫፍ0973611819,
37,በTelegram,
37,ለማዘዝ,
37,⤵,
37,️,
37,ይጠቀሙ,
37,ለተጨማሪ,
37,ማብራሪያ,
37,የቴሌግራም,
37,ገፃችን,
37,⤵,
37,️,
38,*,
38,*,
38,Self,
38,Adhesive,
38,Waterproof,
38,Sticker,
38,*,
38,*,
38,*,
38,*,
38,☛,
38,Furniture,
38,&,
38,Wall,
38,Sticker,
38,*,
38,*,
38,__,
38,✓,
38,ውሀ,
38,የማያስገባ,
38,✓,
38,ለኪችን,
38,ካቢኔትና,
38,ግርግዳ,
38,✓,
38,ለባኞ,
38,ቤት,
38,ግድግዳ,
38,✓,
38,ለመደርደሪያ,
38,፣,
38,ለጠረቬዛ,
38,፣,
38,ቁምሳጥንና,
38,ለተለያዩ,
38,ማስዋቢያ,
38,ቀዳሚ,
38,ተመራጭ__,
38,*,
38,*,
38,☛,
38,Furniture,
38,&,
38,Wall,
38,Sticker,
38,*,
38,*,
38,__,
38,✓,
38,Perfect,
38,for,
38,creating,
38,new,
38,looks,
38,✓,
38,Easy,
38,to,
38,install,
38,✓,
38,Multi,
38,-,
38,Function__,
38,*,
38,*,
38,✓,
38,*,
38,*,
38,#,
38,Color,
38,*,
38,*,
38,:,
38,*,
38,*,
38,#,
38,Black,
38,*,
38,*,
38,&,
38,*,
38,*,
38,#,
38,White,
38,*,
38,*,
38,*,
38,*,
38,*,
38,*,
38,☛,
38,*,
38,*,
38,#,
38,Size,
38,*,
38,*,
38,:,
38,60CM,
38,x,
38,5M,
38,*,
38,*,
38,__The,
38,Self,
38,Adhesive,
38,Waterproof,
38,Sticker,
38,can,
38,be,
38,used,
38,in,
38,a,
38,variety,
38,of,
38,settings,
38,",",
38,including,
38,walls,
38,",",
38,cabinets,
38,and,
38,drawers,
38,",",
38,counter,
38,tops,
38,",",
38,bookshelves,
38,",",
38,closet,
38,shelving,
38,",",
38,shelves,
38,",",
38,windows,
38,",",
38,and,
38,pantry,
38,areas,
38,.,
38,__,
38,ዋጋ,
38,፦,
38,*,
38,*,
38,1000,
38,ብር,
38,*,
38,*,
38,*,
38,*,
38,ለማዘዝ,
38,=,
38,*,
38,*,
38,ውስን,
38,ፍሬ,
38,ነው,
38,የቀረው,
38,❌,
38,❌,
38,Telegram,
38,-,
38,t,
38,.,
38,me,
38,/,
38,qnashcom,
38,⚡,
38,️,
38,ጥራት,
38,ዋስትና,
38,ቅናሽ,
38,አድራሻ,
38,፦,
38,ቁጥር,
38,1,
38,:,
38,-,
38,*,
38,*,
38,መገናኛ,
38,ዘፍመሽ,
38,ግራንድ,
38,ሞል,
38,3,
38,ተኛ,
38,ፎቅ,
38,ቁጥር,
38,329,
38,*,
38,*,
38,ቁጥር,
38,2,
38,:,
38,-,
38,*,
38,*,
38,ጀሞ,
38,1,
38,ከለላ,
38,ህንፃ,
38,ግራውንድ,
38,ለይ,
38,G07,
38,*,
38,*,
38,❌,
38,❌,
38,*,
38,*,
38,ማሳሰብያ,
38,*,
38,*,
38,:,
38,ሱቃችን,
38,ሲመጡ,
38,ትክክለኛ,
38,የኛ,
38,ሱቅ,
38,መሆኑ,
38,ያረጋግጡ,
38,የራሳችን,
38,ሎጎ,
38,መኖሩን,
38,እና,
38,329,
38,/,
38,G07,
38,መሆኑ,
38,ያረጋግጡ,
38,!,
38,ስልክ,
38,:,
38,0946966440,
38,0992606060,
38,0905464599,
39,ለማዘዝ,
39,ያናግሩን,
39,፡,
39,፡,
39,ሁሉም,
39,እቃዎቻችን,
39,original,
39,ናቸው,
39,!,
39,ሲመጣ,
39,ካልወደዱት,
39,ወይም,
39,original,
39,ካልሆነ,
39,ሃላፊነቱን,
39,እንወስዳለን,
39,!,
39,!,
40,.,
40,.,
40,.,
40,.,
40,.,
40,.,
40,.,
40,.,
40,.,
40,.,
40,.,
40,.,
40,.,
40,.,
40,.,
40,.,
40,.,
40,.,
40,.,
40,.,
40,.,
40,.,
40,.,
40,.,
40,.,
40,.,
40,.,
40,.,
40,.,
40,.,
40,.,
40,.,
40,.,
40,.,
40,.,
40,Waterproof,
40,Baby,
40,Urine,
40,Mat,
40,Cover,
40,✔,
40,️,
40,ውሃ,
40,የማያስገባ,
40,እንደገና,
40,ሊታጠብ,
40,የሚችል,
40,የሕፃን,
40,የሽንት,
40,ምንጣፍ,
40,።,
40,✔,
40,️,
40,በተጨማሪም,
40,ዳይፐር,
40,ለመቀየር,
40,የሚያገለግል,
40,✔,
40,️,
40,Reusable,
40,✔,
40,️,
40,Washable,
40,⚠,
40,️,
40,Size,
40,:,
40,1m,
40,×,
40,80cm,
40,ዋጋ,
40,፦,
40,650ብር,
40,✅,
40,♦,
40,️,
40,ውስን,
40,ፍሬ,
40,ነው,
40,ያለው,
40,አድራሻ,
40,♦,
40,️,
40,#,
40,መገናኛ_መሰረት_ደፋር_ሞል_ሁለተኛ_ፎቅ,
40,ቢሮ,
40,ቁ,
40,.,
40,S05,
40,/,
40,S06,
40,0902660722,
40,0928460606,
40,በTelegram,
40,ለማዘዝ,
40,⤵,
40,️,
40,ይጠቀሙ,
40,ለተጨማሪ,
40,ማብራሪያ,
40,የቴሌግራም,
40,ገፃችን,
40,⤵,
40,️,
40,.,
40,.,
40,.,
40,.,
40,.,
40,.,
40,.,
40,.,
40,.,
40,.,
40,.,
40,.,
40,.,
40,.,
40,.,
40,.,
40,.,
40,.,
40,.,
40,.,
40,.,
40,.,
40,.,
40,.,
40,.,
40,.,
40,.,
40,.,
40,.,
40,.,
40,.,
40,.,
40,.,
40,.,
40,.,
41,.,
41,.,
41,.,
41,.,
41,.,
41,.,
41,.,
41,.,
41,.,
41,.,
41,.,
41,.,
41,.,
41,.,
41,.,
41,.,
41,.,
41,.,
41,.,
41,.,
41,.,
41,.,
41,.,
41,.,
41,.,
41,.,
41,.,
41,.,
41,.,
41,.,
41,.,
41,.,
41,.,
41,.,
41,.,
41,Smart,
41,Usb,
41,Ultrasonic,
41,Car,
41,And,
41,Home,
41,Air,
41,Humidifier,
41,With,
41,Colorful,
41,Led,
41,Light,
41,Original,
41,High,
41,-,
41,quality,
41,በኤሌክትሪክ,
41,የሚሰራ,
41,ለቤትና,
41,ለመኪና,
41,መልካም,
41,መዓዛን,
41,የሚሰጥ,
41,Elevate,
41,the,
41,comfort,
41,level,
41,within,
41,your,
41,living,
41,premises,
41,with,
41,this,
41,fantastic,
41,Green,
41,Lion,
41,Air,
41,Mist,
41,Humidifier,
41,.,
41,ዋጋ,
41,፦,
41,1100,
41,ብር,
41,ውስን,
41,ፍሬ,
41,ነው,
41,ያለን,
41,አድራሻ,
41,♦,
41,️,
41,#,
41,መገናኛ_መሰረት_ደፋር_ሞል_ሁለተኛ_ፎቅ,
41,ቢሮ,
41,ቁ,
41,.,
41,S05,
41,/,
41,S06,
41,0902660722,
41,0928460606,
41,በTelegram,
41,ለማዘዝ,
41,⤵,
41,️,
41,ይጠቀሙ,
41,ለተጨማሪ,
41,ማብራሪያ,
41,የቴሌግራም,
41,ገፃችን,
41,⤵,
41,️,
41,.,
41,.,
41,.,
41,.,
41,.,
41,.,
41,.,
41,.,
41,.,
41,.,
41,.,
41,.,
41,.,
41,.,
41,.,
41,.,
41,.,
41,.,
41,.,
41,.,
41,.,
41,.,
41,.,
41,.,
41,.,
41,.,
41,.,
41,.,
41,.,
41,.,
41,.,
41,.,
41,.,
41,.,
41,.,
42,✅,
42,High,
42,Standard,
42,Clothing,
42,Made,
42,in,
42,Turkey,
42,Master,
42,Quality,
42,Only,
42,in,
42,our,
42,Shop,
42,Price,
42,2,
42,",",
42,500birr,
42,Size,
42,#,
42,30,
42,",",
42,31,
42,",",
42,32,
42,",",
42,33,
42,",",
42,34,
42,",",
42,FREE,
42,DELIVERY,
42,(,
42,ያሉበት,
42,ቦታ,
42,ያለተጨማሪ,
42,ክፍያ,
42,እናደርሳለን,
42,),
42,ለሱቅና,
42,ብዛት,
42,ተረካቢዎች,
42,ባስተያየት,
42,0977808897,
42,አድራሻችን,
42,-,
42,ቄራ,
42,ሶፊያ,
42,ሞል,
42,ሁለተኛ,
42,ፎቅ,
42,ሱ,
42,.,
42,ቁ,
42,216,
43,.,
43,.,
43,.,
43,.,
43,.,
43,.,
43,.,
43,.,
43,.,
43,.,
43,.,
43,.,
43,.,
43,.,
43,.,
43,.,
43,.,
43,.,
43,.,
43,.,
43,.,
43,.,
43,.,
43,.,
43,.,
43,.,
43,.,
43,.,
43,.,
43,.,
43,.,
43,.,
43,.,
43,.,
43,.,
43,Baby,
43,knee,
43,socks,
43,ልጅዎ,
43,መዳህ,
43,በሚጀምሩበት,
43,ጊዜ,
43,ተመራጭ,
43,ዋጋ,
43,፦,
43,250,
43,ብር,
43,ውስን,
43,ፍሬ,
43,ነው,
43,ያለን,
43,አድራሻ,
43,♦,
43,️,
43,#,
43,መገናኛ_መሰረት_ደፋር_ሞል_ሁለተኛ_ፎቅ,
43,ቢሮ,
43,ቁ,
43,.,
43,S05,
43,/,
43,S06,
43,0902660722,
43,0928460606,
43,በTelegram,
43,ለማዘዝ,
43,⤵,
43,️,
43,ይጠቀሙ,
43,ለተጨማሪ,
43,ማብራሪያ,
43,የቴሌግራም,
43,ገፃችን,
43,⤵,
43,️,
43,.,
43,.,
43,.,
43,.,
43,.,
43,.,
43,.,
43,.,
43,.,
43,.,
43,.,
43,.,
43,.,
43,.,
43,.,
43,.,
43,.,
43,.,
43,.,
43,.,
43,.,
43,.,
43,.,
43,.,
43,.,
43,.,
43,.,
43,.,
43,.,
43,.,
43,.,
43,.,
43,.,
43,.,
43,.,
44,Silicone,
44,Gel,
44,Bath,
44,Brush,
44,Cleanse,
44,and,
44,refresh,
44,skin,
44,with,
44,a,
44,gentle,
44,lather,
44,Also,
44,great,
44,for,
44,household,
44,cleaning,
44,and,
44,scrubbing,
44,.,
44,Widened,
44,design,
44,",",
44,intimate,
44,double,
44,-,
44,sided,
44,",",
44,can,
44,be,
44,easily,
44,extracted,
44,with,
44,silicone,
44,material,
44,",",
44,which,
44,is,
44,more,
44,convenient,
44,Soft,
44,and,
44,comfortable,
44,foaming,
44,",",
44,the,
44,main,
44,squirting,
44,out,
44,of,
44,the,
44,main,
44,foam,
44,",",
44,easy,
44,to,
44,clean,
44,Size,
44,:,
44,70x11,
44,.,
44,5cm,
44,ዋጋ,
44,፦,
44,350,
44,ብር,
44,ለማዘዝ,
44,=,
44,ውስን,
44,ፍሬ,
44,ነው,
44,የቀረው,
44,❌,
44,❌,
44,<,
44,Limited,
44,Stock,
44,❌,
44,Telegram,
44,-,
44,t,
44,.,
44,me,
44,/,
44,qnashcom,
44,ጥራት,
44,✔,
44,️,
44,ዋስትና,
44,ቅናሽ,
44,አድራሻ,
44,፦,
44,ቁጥር,
44,1,
44,:,
44,-,
44,መገናኛ,
44,ዘፍመሽ,
44,ግራንድ,
44,ሞል,
44,3,
44,ተኛ,
44,ፎቅ,
44,ቁጥር,
44,329,
44,ቁጥር,
44,2,
44,:,
44,-,
44,ጀሞ,
44,1,
44,ከለላ,
44,ህንፃ,
44,ግራውንድ,
44,ለይ,
44,G07,
44,❌,
44,❌,
44,ማሳሰብያ,
44,:,
44,ሱቃችን,
44,ሲመጡ,
44,ትክክለኛ,
44,የኛ,
44,ሱቅ,
44,መሆኑ,
44,ያረጋግጡ,
44,የራሳችን,
44,ሎጎ,
44,መኖሩን,
44,እና,
44,329,
44,/,
44,G07,
44,መሆኑ,
44,ያረጋግጡ,
44,!,
44,ስልክ,
44,:,
44,0946966440,
44,0992606060,
44,0905464599,
45,IINIMA,
45,®,
45,Coffee,
45,Grinder,
45,Stainless,
45,Steel,
45,Bowl,
45,to,
45,mill,
45,⚡,
45,️,
45,coffee,
45,⚡,
45,️,
45,cardamom,
45,⚡,
45,️,
45,nut,
45,⚡,
45,️,
45,Spices,
45,☄,
45,️,
45,150W,
45,1500,
45,ብር,
45,Telegram,
45,-,
45,t,
45,.,
45,me,
45,/,
45,qnashcom,
45,☄,
45,️,
45,ጥራት,
45,✔,
45,️,
45,ዋስትና,
45,ቅናሽ,
45,አድራሻ,
45,፦,
45,ቁጥር,
45,1,
45,:,
45,-,
45,መገናኛ,
45,ዘፍመሽ,
45,ግራንድ,
45,ሞል,
45,3,
45,ተኛ,
45,ፎቅ,
45,ቁጥር,
45,329,
45,ቁጥር,
45,2,
45,:,
45,-,
45,ጀሞ,
45,1,
45,ከለላ,
45,ህንፃ,
45,ግራውንድ,
45,ለይ,
45,G07,
45,❌,
45,❌,
45,ማሳሰብያ,
45,:,
45,ሱቃችን,
45,ሲመጡ,
45,ትክክለኛ,
45,የኛ,
45,ሱቅ,
45,መሆኑ,
45,ያረጋግጡ,
45,የራሳችን,
45,ሎጎ,
45,መኖሩን,
45,እና,
45,329,
45,/,
45,G07,
45,መሆኑ,
45,ያረጋግጡ,
45,!,
45,ስልክ,
45,:,
45,0946966440,
45,0992606060,
45,0905464599,
46,Multifunction,
46,Juice,
46,Extractor,
46,:,
46,ለአፕል,
46,ብርቱካን,
46,፣,
46,ካሮት,
46,፣,
46,አናናስ,
46,፣,
46,ቲማቲም,
46,…,
46,የመሳሰሉትን,
46,እየጨመቀ,
46,ቆሻሻውን,
46,፡,
46,ለብቻ,
46,፡,
46,እያጣራ,
46,፡,
46,ውሃውን,
46,እየጨመቀ,
46,፡,
46,ወደራሱ,
46,ጆክ,
46,የሚቀዳ,
46,፤,
46,የፍራፍሬ,
46,፤,
46,ዋጋ,
46,፦,
46,✅,
46,5,
46,",",
46,500,
46,ብር,
46,ውስን,
46,ፍሬ,
46,ነው,
46,የቀረው,
46,አድራሻ,
46,ቁ,
46,.,
46,1,
46,መገናኛ,
46,ታሜ,
46,ጋስ,
46,ህንፃ,
46,ጎን,
46,ስሪ,
46,ኤም,
46,ሲቲ,
46,ሞል,
46,ሁለተኛ,
46,ፎቅ,
46,ቢሮ,
46,ቁ,
46,.,
46,SL,
46,-,
46,05A,
46,(,
46,ከ,
46,ሊፍቱ,
46,ፊት,
46,ለ,
46,ፊት,
46,),
46,ቁ,
46,.,
46,2,
46,ለቡ,
46,መዳህኒዓለም,
46,ቤተ,
46,/,
46,ክርስቲያን,
46,100ሜ,
46,ወደ,
46,ሙዚቃ,
46,ቤት,
46,ከፍ,
46,ብሎ,
46,#,
46,ዛም_ሞል,
46,2ኛ,
46,ፎቅ,
46,ቢሮ,
46,.,
46,ቁ,
46,214,
46,0909522840,
46,0923350054,
46,ለቡ,
46,ቅርንጫፍ0973611819,
46,በTelegram,
46,ለማዘዝ,
46,⤵,
46,️,
46,ይጠቀሙ,
46,ለተጨማሪ,
46,ማብራሪያ,
46,የቴሌግራም,
46,ገፃችን,
46,⤵,
46,️,
47,Long,
47,Sewer,
47,Cleaning,
47,Wire,
47,Spring,
47,ረጅሙ,
47,1ሜትር,
47,ከ,
47,60,
47,ሳንቲም,
47,✔,
47,️,
47,ቆሻሻ,
47,የደፈነብንን,
47,ቀዳዳዎች,
47,በቀላሉ,
47,ለመክፈት,
47,የማይመች,
47,ቦታ,
47,ላይ,
47,ዕቃ,
47,ለመሳብ,
47,ለመፈለግ,
47,የሚጠቅም,
47,Bringing,
47,more,
47,convenience,
47,to,
47,the,
47,people,
47,in,
47,their,
47,daily,
47,life,
47,.,
47,⚡,
47,️,
47,Quality,
47,iron,
47,wire,
47,and,
47,pp,
47,material,
47,⚡,
47,️,
47,Flexible,
47,spring,
47,cable,
47,and,
47,retractable,
47,claws,
47,⚡,
47,️,
47,Long,
47,enough,
47,to,
47,get,
47,deep,
47,into,
47,drains,
47,⚡,
47,️,
47,Remove,
47,any,
47,clogs,
47,and,
47,debris,
47,⚡,
47,️,
47,For,
47,kitchen,
47,",",
47,bathroom,
47,",",
47,sinks,
47,",",
47,drain,
47,",",
47,tubs,
47,",",
47,etc,
47,.,
47,Length,
47,:,
47,-,
47,*,
47,*,
47,1ሜትር,
47,ከ,
47,60,
47,ሳንቲም,
47,*,
47,*,
47,*,
47,*,
47,650,
47,ብር,
47,*,
47,*,
47,*,
47,*,
47,ውስን,
47,ፍሬ,
47,ነው,
47,የቀረው,
47,*,
47,*,
47,❌,
47,❌,
47,❌,
47,Telegram,
47,-,
47,t,
47,.,
47,me,
47,/,
47,qnashcom,
47,ጥራት,
47,✔,
47,️,
47,ዋስትና,
47,ቅናሽ,
47,አድራሻ,
47,፦,
47,ቁጥር,
47,1,
47,:,
47,-,
47,*,
47,*,
47,መገናኛ,
47,ዘፍመሽ,
47,ግራንድ,
47,ሞል,
47,3,
47,ተኛ,
47,ፎቅ,
47,ቁጥር,
47,329,
47,*,
47,*,
47,ቁጥር,
47,2,
47,:,
47,-,
47,*,
47,*,
47,ጀሞ,
47,1,
47,ከለላ,
47,ህንፃ,
47,ግራውንድ,
47,ለይ,
47,G07,
47,*,
47,*,
47,❌,
47,❌,
47,*,
47,*,
47,ማሳሰብያ,
47,*,
47,*,
47,:,
47,ሱቃችን,
47,ሲመጡ,
47,ትክክለኛ,
47,የኛ,
47,ሱቅ,
47,መሆኑ,
47,ያረጋግጡ,
47,የራሳችን,
47,ሎጎ,
47,መኖሩን,
47,እና,
47,329,
47,/,
47,G07,
47,መሆኑ,
47,ያረጋግጡ,
47,!,
47,ስልክ,
47,:,
47,0946966440,
47,0992606060,
47,0905464599,
48,Star,
48,wP,
48,Made,
48,in,
48,Vietnam,
48,Master,
48,Quality,
48,Only,
48,in,
48,our,
48,Shop,
48,Price,
48,3,
48,",",
48,500birr,
48,Size,
48,#,
48,40,
48,",",
48,41,
48,",",
48,42,
48,",",
48,43,
48,FREE,
48,DELIVERY,
48,(,
48,ያሉበት,
48,ቦታ,
48,ያለተጨማሪ,
48,ክፍያ,
48,እናደርሳለን,
48,),
48,ለሱቅና,
48,ብዛት,
48,ተረካቢዎች,
48,ባስተያየት,
48,0977808897,
48,አድራሻችን,
48,-,
48,ቄራ,
48,ሶፊያ,
48,ሞል,
48,ሁለተኛ,
48,ፎቅ,
48,ሱ,
48,.,
48,ቁ,
48,216,
49,.,
49,.,
49,.,
49,.,
49,.,
49,.,
49,.,
49,.,
49,.,
49,.,
49,.,
49,.,
49,.,
49,.,
49,.,
49,.,
49,.,
49,.,
49,.,
49,.,
49,.,
49,.,
49,.,
49,.,
49,.,
49,.,
49,.,
49,.,
49,.,
49,.,
49,.,
49,.,
49,.,
49,.,
49,.,
49,One,
49,Fire,
49,Table,
49,Lamp,
49,በተች,
49,የሚሰራ,
49,ቻርጅ,
49,የሚደረግ,
49,ለመኝታ,
49,ቤት,
49,፣,
49,ለሳሎን,
49,፣,
49,ለ,
49,ሆቴሎች,
49,እንዲሁም,
49,ለባዝ,
49,ሩም,
49,ዋጋ,
49,፦,
49,1900ብር,
49,♦,
49,️,
49,ውስን,
49,ፍሬ,
49,ነው,
49,ያለው,
49,አድራሻ,
49,♦,
49,️,
49,#,
49,መገናኛ_መሰረት_ደፋር_ሞል_ሁለተኛ_ፎቅ,
49,ቢሮ,
49,ቁ,
49,.,
49,S05,
49,/,
49,S06,
49,0902660722,
49,0928460606,
49,በTelegram,
49,ለማዘዝ,
49,⤵,
49,️,
49,ይጠቀሙ,
49,ለተጨማሪ,
49,ማብራሪያ,
49,የቴሌግራም,
49,ገፃችን,
49,⤵,
49,️,
49,.,
49,.,
49,.,
49,.,
49,.,
49,.,
49,.,
49,.,
49,.,
49,.,
49,.,
49,.,
49,.,
49,.,
49,.,
49,.,
49,.,
49,.,
49,.,
49,.,
49,.,
49,.,
49,.,
49,.,
49,.,
49,.,
49,.,
49,.,
49,.,
49,.,
49,.,
49,.,
49,.,
49,.,
49,.,
